<?xml version="1.0" encoding="UTF-8"?>
<module codename="org.netbeans.lib.profiler/1">
    <module_version install_time="1380188195419" last="true" origin="installer" specification_version="1.23.2">
        <file crc="2155818874" name="config/Modules/org-netbeans-lib-profiler.xml"/>
        <file crc="3820179996" name="lib/deployed/jdk15/hpux-pa_risc2.0/libprofilerinterface.sl"/>
        <file crc="1031191865" name="lib/deployed/jdk15/hpux-pa_risc2.0w/libprofilerinterface.sl"/>
        <file crc="87183800" name="lib/deployed/jdk15/linux-amd64/libprofilerinterface.so"/>
        <file crc="3867409170" name="lib/deployed/jdk15/linux/libprofilerinterface.so"/>
        <file crc="2115621495" name="lib/deployed/jdk15/mac/libprofilerinterface.jnilib"/>
        <file crc="2226926184" name="lib/deployed/jdk15/solaris-amd64/libprofilerinterface.so"/>
        <file crc="3519810687" name="lib/deployed/jdk15/solaris-i386/libprofilerinterface.so"/>
        <file crc="1925995895" name="lib/deployed/jdk15/solaris-sparc/libprofilerinterface.so"/>
        <file crc="2979155582" name="lib/deployed/jdk15/solaris-sparcv9/libprofilerinterface.so"/>
        <file crc="1615067302" name="lib/deployed/jdk15/windows-amd64/profilerinterface.dll"/>
        <file crc="1948951942" name="lib/deployed/jdk15/windows-amd64/profilerinterface.map"/>
        <file crc="3941127788" name="lib/deployed/jdk15/windows/profilerinterface.dll"/>
        <file crc="3317674893" name="lib/deployed/jdk15/windows/profilerinterface.map"/>
        <file crc="2143728217" name="lib/deployed/jdk16/hpux-pa_risc2.0/libprofilerinterface.sl"/>
        <file crc="4050496705" name="lib/deployed/jdk16/hpux-pa_risc2.0w/libprofilerinterface.sl"/>
        <file crc="1371195576" name="lib/deployed/jdk16/linux-amd64/libprofilerinterface.so"/>
        <file crc="68975200" name="lib/deployed/jdk16/linux-arm/libprofilerinterface.so"/>
        <file crc="545116651" name="lib/deployed/jdk16/linux/libprofilerinterface.so"/>
        <file crc="205936243" name="lib/deployed/jdk16/mac/libprofilerinterface.jnilib"/>
        <file crc="2234096356" name="lib/deployed/jdk16/solaris-amd64/libprofilerinterface.so"/>
        <file crc="1960529430" name="lib/deployed/jdk16/solaris-i386/libprofilerinterface.so"/>
        <file crc="3958604773" name="lib/deployed/jdk16/solaris-sparc/libprofilerinterface.so"/>
        <file crc="3601320030" name="lib/deployed/jdk16/solaris-sparcv9/libprofilerinterface.so"/>
        <file crc="2603386884" name="lib/deployed/jdk16/windows-amd64/profilerinterface.dll"/>
        <file crc="160497846" name="lib/deployed/jdk16/windows-amd64/profilerinterface.map"/>
        <file crc="1825113939" name="lib/deployed/jdk16/windows/profilerinterface.dll"/>
        <file crc="1070550139" name="lib/deployed/jdk16/windows/profilerinterface.map"/>
        <file crc="3977678030" name="lib/jfluid-server-15.jar"/>
        <file crc="1744541726" name="lib/jfluid-server.jar"/>
        <file crc="1006168811" name="modules/org-netbeans-lib-profiler.jar"/>
    </module_version>
</module>
