<?xml version="1.0" encoding="UTF-8"?>
<!--
Copyright (c) 1992, 2011, Oracle and/or its affiliates. All rights reserved.
ORACLE PROPRIETARY/CONFIDENTIAL. Use is subject to license terms.
-->

<!DOCTYPE transformations PUBLIC "-//NetBeans//DTD Module Automatic Dependencies 1.0//EN" "http://www.netbeans.org/dtds/module-auto-deps-1_0.dtd">

<transformations version="1.0">
    <transformationgroup>
        <description>FileObject implements Lookup.Provider</description>
        <transformation>
            <trigger-dependency type="older">
                <module-dependency codenamebase="org.openide.filesystems" spec="8.0"/>
            </trigger-dependency>
            <implies>
                <result>
                    <module-dependency codenamebase="org.openide.util.lookup"/>
                </result>
            </implies>
        </transformation>
    </transformationgroup>

</transformations>
